1,I'm Luffy! The Man Who Will Become the Pirate King!
2,Enter The Great Swordsman! Pirate Hunter Roronoa Zoro!
3,Morgan vs. Luffy! Who's This Mysterious Beautiful Young Girl?
4,Luffy's Past! The Red-Haired Shanks Appears!
5,"Fear, Mysterious Power! Pirate Clown Captain Buggy!"
6,Desperate Situation! Beast Tamer Mohji vs. Luffy!
7,Grand Duel! Zoro the Swordsman vs. Cabaji the Acrobat!
8,Who Will Win? Showdown Between the True Powers of the Devil Fruit!
9,Honorable Liar? Captain Usopp
10,The World's Strongest Weirdo! Jango the Hypnotist!
11,"Revealing the Conspiracy! The Pirate Caretaker, Captain Kuro!"
12,Battle! The Black Cat Pirate Crew. Battle on the Slope!
13,The Terrifying Duo! Nyaban Brothers vs. Zoro
14,Luffy's Revival! Kaya-ojousama's Life and Death Confrontation
15,Defeat Kuro! Usopp's Tear-filled Determination!
16,Protect Kaya! Usopp Pirate Gang Takes Action!
17,"Completely Infuriated! Kuro vs. Luffy, Final Battle!"
18,You Are a Special Animal! Gaimon and His Bizarre Friends
19,The Past of the Three Swords! The Promise Between Zoro and Kuina!
20,The Famous Cook! Sanji of the Floating Restaurant
21,An Unexpected Guest! Sanji's Food and Gin's Grace
22,The Greatest Pirate Fleet: Captain Don Krieg
23,Protect Baratie! The Great Pirate: Zeff the Red Leg
24,Hawk Eyes Mihawk! Swordsman Zoro Falls into the Sea!
25,The Emerge of the Superb Kicking Skill: Sanji vs. the Iron Wall Pearl
26,Zeff and Sanji's Dream: The Sea of Dreams - All Blue
27,"The Coldhearted Devil-man: Gin, The Pirate Fleet Battle Commander"
28,I Won't Die! Conclusion: Luffy vs. Krieg
29,Outcome of a Deadly Battle! The Spear Inside!
30,Departure! Sea Chef and Luffy Travel Together!
31,"The Most Wicked Man of East Blue, Fishman Pirate Arlong"
32,"The Witch of Cocoyashi Village, Arlong's Female Officer"
33,Usopp's Death?! Luffy - Yet To Land?
34,Reunited! Usopp Tells Nami's True Story
35,The Hidden Past! Female Fighter Bellemere!
36,Survive! The Mother Bellemere and Nami's Family!
37,Luffy Stands Up! End of a Broken Promise!
38,Luffy in Trouble! Fishmen vs. Luffy Pirates!
39,Luffy Drowning! Zoro vs. Octopus Hatchan!
40,"Proud, Tall Warriors! Dramatic Battle of Sanji and Usopp!"
41,Luffy's Best! Nami's Courage and the Straw Hat
42,"Bursting Out! Fishman Arlong, Fearsome Attack From The Sea!"
43,The End of the Fishman Empire! Nami is my Friend!
44,"Setting off with a Smile! Farewell my Hometown, Cocoyashi Village!"
45,Bounty! Straw Hat Luffy Becomes World Famous!
46,Following the Straw Hat! Little Buggy's Big Adventure
47,You've Been Waiting For It! The Return of Captain Buggy!
48,The Town of the Beginning and the End - Arrival at Loguetown
49,"Sandai Kitetsu and Yubashiri! Zoro's New Swords, and the Female Sergeant Major"
50,Usopp vs. Daddy The Father! Showdown at High Noon!
51,A Burning Culinary Battle? Sanji vs. The Gorgeous Chef
52,Buggy's Revenge! The Man who Smiles at the Execution Platform!
53,The Legend Has Begun! Head to the Grand Line
54,"Foreboding of a New Adventure! The Puzzling Girl, Apis"
55,The Holy Beast! Apis' Secret and the Legendary Island
56,Erik's Raid! Great Escape from Gunkan Island!
57,Lone Island in a Distant Sea! The Legendary Lost Island
58,Duel in the Ruins! Strained Zoro vs. Erik
59,"Luffy, Completely Surrounded! Admiral Nelson's Secret Plan"
60,Those Who Soar in the Open Skies! Revival of the 1000 Year Legend
61,Angry Finale! Cross the Red Line!
62,The First Obstacle? Giant Whale Laboon Appears
63,"A Man's Promise, Luffy and the Whale Vow to Meet Again"
64,A Pirate-Loving Town? Arrival at Whiskey Peak
65,Exploding Sant?ry?! Zoro vs. Baroque Works!
66,A Serious Fight! Luffy vs. Zoro: the Baffling Duel!
67,Deliver Princess Vivi! Luffy Pirates Depart
68,"Try Hard, Koby! Diary of Koby-Meppo's Marine Struggles"
69,Koby-Meppo's Determination! Vice Admiral Garp's Fatherly Pride
70,Prehistoric Island! The Shadow Lurking in Little Garden!
71,Humongous Battle! The Giants Dorry and Brogy!
72,Luffy's Anger! A Dirty Trick in a Sacred Battle
73,Brogy Wails in Victory! Elbaf's Judgement
74,The Devil's Candle! Tears of Regret and Tears of Anger
75,Luffy Attacked by Magic! Colors Trap
76,Critical Counterattack! Usopp's Quick Wit and Kaenboshi!
77,Farewell to the Giants' Island! On to Alabasta
78,Nami is Sick? Beyond the Snow that Falls on the Ocean!
79,Ambush! The Bliking and Wapol the Blik
80,A Doctorless Island? Adventure in the Country Without a Name!
81,Ya Happy? The Doctor who is Called a Witch!
82,Dalton's Resolve! Wapol's Forces Land
83,Island that Lives in Snow! Ascend The Drum Rockies!
84,The Blue-Nosed Reindeer! Chopper's Secret
85,Dream of the Outcasts! The Quack Doctor Hiluluk
86,Hiluluk's Cherry Blossoms and Inherited Will
87,Against Wapol's Army Corps! The Abilities of the Baku Baku no Mi!
88,Zoan Type Devil's Fruit! Chopper's Seven-Level Transformation
89,When the Kingdom's Rule is Over! The Flag of Conviction Lasts Forever
90,Hiluluk's Cherry Blossoms! Miracle of the Drum Rockies
91,"Farewell, Drum Island! I'm Going Out to Sea!"
92,The Hero of Alabasta and the Ballerina on Deck
93,Coming to the Desert Kingdom! The Rain-Calling Powder and the Rebel Army
94,Reunion of the Powerful! His Name is Fire Fist Ace
95,Ace and Luffy! Warm Memories and Brotherly Bonds
96,"The Green City, Erumalu and the Kung Fu Dugongs"
97,Adventure in the Country of Sand! The Demons that Live in the Scorching Earth
98,Here Come the Desert Pirates! The Men who Live Free
99,"Spirit of the Fakes! Heart of the Rebel Army, Kamyu"
100,Rebel Warrior Kohza! The Dream Sworn to Vivi!
101,Heat Haze Duel! Ace vs. Scorpion Man
102,"Ruins and Lost Ones! Vivi, Comrades, and the Shape of a Country"
103,At Spiders Cafe - The Enemy Ringleaders Meet at 8 o'clock
104,Luffy vs. Vivi! A Tearful Vow for Comrades
105,"The Alabasta War Front! City of Dreams, Rainbase"
106,Trap in a Desperate Situation! Breaking Into Rain Dinners
107,Operation Utopia Commences! The Wave of Rebellion Begins to Move
108,The Fearsome Bananawani and Mr. Prince
109,The Key to Turning the Tide and a Great Escape! Doru Doru Ball!
110,Merciless Fight to the Death! Luffy vs. Crocodile
111,The Miracle Sprint! Alabasta the Animal Land
112,Rebel Army vs. Royal Army! The Battle will be in Alubarna!
113,Alubarna is Crying! Fierce Fight of Captain Carue!
114,Swear on Your Crewmate's Dream! Battle at Molehill 4th Avenue
115,Today's Grand Performance! Mane Mane Montage!
116,Transforming Into Nami! Bon Kurei's Hard-Hitting Ballet Kenpo
117,Nami's Whirlwind Warning! Clima Tact Explosion
118,"Secret of the Royal Family! The Ancient Weapon, Pluton"
119,Essence of a Mighty Sword! The Power to Cut Steel and the Breath of All Things
120,The Battle is Over! Kohza Flies the White Flag
121,Vivi's Voice Goes Unheard! A Hero Descends!
122,Sand Crocodile and Water Luffy! Death Match: Round 2
123,"Smells Like Croc! Run to the Tomb of the Royal Family, Luffy!"
124,The Nightmare Draws Near! Secret Base of the Suna Suna Clan
125,"Magnificent Wings! My Name is Pell, Guardian Spirit of the Kingdom"
126,I Will Surpass You! Rain Falls on Alabasta!
127,A Farewell to Arms! Pirates and a Little Justice
128,The Pirates' Banquet and Operation Escape Alabasta!
129,Everything Began that Day! Vivi Tells of her Adventures!
130,Beware her Scent! The Seventh One is Nico Robin!
131,The First Patient! Anecdote of the Rumble Ball
132,The Navigator's Mutiny! For an Unwavering Dream!
133,Inherited Recipe! Sanji the Curry Iron Chef
134,I'll Make it Bloom! Manly Usopp's Eight-Shaku Ball
135,"Infamous Pirate Hunter! The Wandering Swordsman, Zoro!"
136,Zenny Lives on Goat Island and There's a Pirate Ship on his Mountain!
137,How's That for Profit? Money Lender Zenny's Ambition!
138,Where the Island's Treasure Lies! Zenny Pirates Full Charge!
139,Legend of the Rainbow Mist! Ruluka Island and the Old Man Henzo!
140,Inhabitants of Neverland! The Pumpkin Pirates!
141,A Longing for Home! The Inescapable Pirate Graveyard!
142,Frantic Struggle! Wetton's Plans and the Rainbow Tower!
143,And Then the Legend Begins! To the End of the Rainbow!
144,"The Log is Taken! Salvage King, Masira!"
145,Monsters Appear! Don't Touch the Whitebeard Pirates
146,"Stop Dreaming! The City of Ridicule, Mock Town!"
147,The Pirate's Summit! The Man who Talks of Dreams and the King of Underwater Exploration
148,The Legendary Family! 'Liar Noland'
149,Hard Turn to the Clouds! Find the Southbird!
150,Dreams Don't Come True!? Bellamy vs. The Saruyama Alliance
151,The Hundred-Million Man! The World's Highest Authority and the Pirate Blackbeard
152,Sail into the Sky! Ride the Knock-Up Stream
153,This is the Sea of the Sky! The Knight of the Sky and Heaven's Gate
154,Godland Skypiea! The Angels Of the Cloud Beach
155,Sacred Ground! The Island Where God Resides and Heaven's Judgement!
156,Criminals Already!? Skypiea's Upholders of the Law
157,Can we Escape!? God's Ordeals are Set in Motion!
158,Trap on Lovely Street! Almighty God Enel
159,"Go Forth, Little Crow! To the Sacrificial Altar"
160,Survival Rate: 10%! Priest Satori with the Power of Mantra!
161,Peril of the Ordeal of Balls! Fight to the Death in the Lost Forest
162,Chopper's in Danger! Former God vs. Priest Shura
163,Ever Mysterious! Ordeal of String and Ordeal of Love!?
164,Light the Fire of Shandia! Wiper the Warrior
165,"Floating Land of Gold, Jaya! To God's Shrine!"
166,Eve of Gold Festival! Feelings Toward 'Vearth'!
167,God Enel Appears!! Aubade to the Survivors
168,The Python Strikes! The Survival Game Begins
169,The Life-Threatening Reject! War Demon Wiper's Resolve
170,Fierce Sky Battle! Pirate Zoro vs. Fighter Braham
171,Howling Burn Bazooka!! Luffy vs. War Demon Wiper
172,Ordeal of Swamp! Chopper vs. Priest Gedatsu!!
173,The Invincible Ability! Enel's True Nature Revealed
174,The Vanished City! The Magnificent Ruins of Shandora!!
175,Chance of Survival: 0%!! Chopper vs. Priest Ohm
176,Climb Giant Jack!! Showdown in the Upper Ruins
177,Ultimate Test of the Ordeal of Iron! The White-Barbed Death Match!!
178,Gushing Blade Attack! Zoro vs. Priest Ohm!!
179,The Upper Ruins Crumble! The Quintet Finale!!
180,Battle in the Ancient Ruins! God Enel's Desire!!
181,"Ambitions of Fairy Vearth - The Ark, Maxim!!"
182,Finally Clashing! Pirate Luffy vs. God Enel!!
183,Maxim Rises! The Start of Deathpiea!!
184,Luffy's Fall! God's Judgement and Nami's Desire!!
185,Two People Awaken! A Rescue in Front of Burning Love!!
186,Capriccio to Destruction! The Impending Doom of Sky Island!!
187,Guidance from the Sound of a Bell! The Great Warrior and Tales of an Explorer
188,Released from Disgrace! The Tears of the Great Warrior!!
189,Eternal Friendship! The Bell of Oath Echoes Throughout the Giant Ocean!!
190,The Destruction of Angel Island! Terror of The Descending Raigou!!
191,Chop Down Giant Jack! The Last Hope of Escaping
192,The Miracle in God's Country! A Love Song Heard by Angels
193,"The War Draws to a Close! Ringing Far and Wide, the Proud Fantasia"
194,I Have Come Here! The Weaving of the Poneglyphs
195,Now Heading Towards the Blue Sea!! Memories of an Interwoven Finale
196,Emergency Official Announcement! Notorious Pirate Ship Infiltration!
197,Sanji the Cook! Showing His Real Worth at the Marine Dining-room!
198,Zoro's imprisonment and Chopper's Emergency Operation!
199,The Search of the Approaching Marines! The Second Person Who Was Captured!
200,Luffy and Sanji's Desperate Decision! Large Rescue Maneuvers!
201,Hot Blood Special Unit Participation! Bridge Offensive and Defensive Battle!
202,Smash the Barricade! The Going Merry is Recovered!
203,The Missing pirate Ship! 2nd Round Assault on the Fortress
204,The Gold Recovery Plan and the Waver Recovery Plan!
205,Catch Them All in One Net! Johnathan's Secret Scheme!
206,"So Long, Marine Base! The Final Battle for Freedom"
207,Big Adventure in Long Ring Long Land
208,The Foxy Pirate Crew and the Davy Back!
209,Round 1! One Lap of the Donut Race
210,Foxy the Silver Fox! A Violent Interference
211,Round 2! Shoot into the Groggy Ring!
212,Rapid-Fire Red Cards! Groggy Ring
213,Round 3! Round and Round Roller Race!
214,Burning Roller Race! Dash into the Final Round!
215,The Screaming Speed Serve! Pirate Dodgeball!
216,Final Match on the Edge! Dharma has Fallen!
217,Captain Confrontation! The Last Fight: Combat!
218,Full Power Noro Noro Beam vs. The Invulnerable Luffy
219,Heroic Fierce Combat! The Fateful Last Battle
220,You Lost Your Memory? It Was Taken? Who Are You?
221,The Mysterious Boy With the Whistle and Robin's Guess!
222,Get Back Your Memories! Landing on the Island!
223,Zoro Sharpens His Fangs! A Fight With a Wild Beast!
224,The Memory Thief's Final Counterattack Shows His True Nature!
225,The Man of Pride! Foxy the Silver Fox
226,The Nigh Invincible Man? And a Very Dangerous Man!
227,Marine High Admiral Aokiji! The Threat of the Greatest Power
228,Rubber and Ice One-On-One Fight! Luffy vs. Aokiji!
229,"Running Sea Train! The City of Water, Water 7"
230,The Adventure in the City of Water! Aim for the Giant Shipyard
231,The Franky Family and Iceburg!
232,Galley-La Company! The Magnificent Dock #1
233,The Pirate Kidnapping Incident and the Pirate Ship Waits for Death!
234,Rescuing a Crewmate! The Raid on the Franky House
235,Quarrel in the Moonlight! The Pirate Ship Trembles in Sadness
236,Luffy vs. Usopp! The Spirit of the Clashing Men
237,The City of Water is Shaking! Iceburg was Targeted!
238,Rubberman vs. Fire-Breathing Cyborg
239,The Criminals are the Straw Hat Pirates? The Bodyguards of Water 7
240,"An Eternal Farewell? Nico Robin, The Woman Who Bears Darkness"
241,Catch Robin! The Determination of the Straw Hat Pirates
242,The Signal is the Explosion! CP9 Starts to Move
243,CP9 Unmasked! Their Shocking True Faces
244,The Secret Bond! Franky and Iceburg
245,"Come Back, Robin! The Confrontation with CP9"
246,Destruction of the Straw Hat Pirates? The Terror of the Model Leopard!
247,The Man who is Loved by his Ship! Usopp's Tears!
248,Franky's Past! The Day the Sea Train Ran
249,Spandam's Conspiracy! The Day the Sea Train Shook
250,The End of the Legendary Man! The Day the Sea Train Cried
251,The Truth Behind the Betrayal! Robin's Sorrowful Decision!
252,The Steam Whistle Separates the Crew! The Sea Train Begins to Run
253,Sanji Breaks In! The Sea Train Battle in the Storm!
254,The Shout of Nami's Soul! The Return of the Straw Hat!
255,Another Sea Train! Rocket Man Sortie
256,Rescue our Friends! The Oath that Links the Enemies
257,"Smash the Wave! Luffy and Zoro, The Strongest Combo!"
258,A Man of Mystery Appears!? His Name is Sogeking!
259,Cook Confrontation! Sanji vs. Ramen Kenpo
260,Duel on the Roof! Franky vs. Nero!
261,Crash! Demon-Cutting Zoro vs. Ship-Cutting T-Bone!
262,Robin Struggles! Sogeking's Clever Scheme!!
263,The Judiciary Island! The Full Picture of Enies Lobby!
264,Operation Disembarkation Commences! The Straw Hat Crew Rushes In!
265,Luffy Charges In! Great Decisive Battle on the Judiciary Island!!
266,Battle with the Giants! Open the Second Door!
267,"The Means of Escaping is Opened! Fly through the Sky, Rocketman!"
268,Catch Up with Luffy! The Straw Hat Pirates' All-Out War
269,Robin was Betrayed! The Expectations of the World Government!
270,Give Robin Back! Luffy vs. Blueno!
271,Don't Stop! Raise the Signal Fire of a Counterattack!
272,Luffy is in Sight! Gather at the Courthouse Plaza
273,All for the Sake of Protecting My Friends! Gear Second in Motion
274,"Answer Us, Robin! The Outcries of the Straw Hat Crew!!"
275,Robin's Past! The Girl who was Called a Demon!
276,The Fated Parent and Child! The Mother's Name is Olvia!
277,Tragedy of Ohara! Fear of Buster Call!
278,Say You Want to Live! We are Friends!!
279,Jump Into the Falls! Luffy's Feelings!!
280,"A Man's Way of Life! Zoro's Techniques, Usopp's Dream"
281,Tears Which Weaved the Bond of Friendship! Nami's World Map
282,Separation Refines a Man! Sanji and Chopper
283,All for my Friends' Sake! The Darkness Within Robin!
284,The Blueprints Aren't Passed! Franky's Decision
285,Retrieve the 5 Keys! The Straw Hat Crew vs. CP9
286,Power of the Devil Fruit! Kaku and Jabra Transform
287,"Even if I Die, I Won't Kick you! Sanji's Manly Chivalry"
288,The Silent Owl's Miscalculation! My Cola is the Water of Life
289,Zoro's New Technique Explodes! The Katana's Name is Sogeking?
290,Uncontrollable! Chopper's Forbidden Rumble
291,Boss Luffy Returns! A Dream or Reality Lottery Trouble
292,The Great Mochimaki Race to the Castle! Conspiracy of the Red Nose
293,Bubble User Kalifa! Nami Draws Near to the Soap's Trap
294,The Resounding Bad News! The Buster Call is Invoked
295,5 Namis? Counterattack with the Mirage!
296,Nami's Determination! Shoot the Rampaging Chopper!
297,Hunter Sanji Appears? Elegy to the Lying Wolf
298,The Scorching Kick! Full Course of Sanji's Footwork
299,The Drawn Sword's Fierce Attack! Zoro vs. Kaku Powerful Slash Showdown
300,Zoro the Fierce God! The Incarnation of Asura Revealed by His Soul
301,Spandam's Shock! A Hero Stands on the Tower of Justice
302,Robin's Liberation! Luffy vs. Lucci: Peak of the Decisive Battle
303,The Criminal is Boss Luffy? Chase the Vanished Great Sakura Tree
304,"If I Can't Win, I Can't Protect Anyone! Gear Third Activates"
305,The Terrifying Past! Dark Justice and Rob Lucci
306,A Phantom Mermaid is Here? Within Fading Consciousness
307,The Island Sinking in Gunfire! Franky's Outcry of Regret
308,Wait for Luffy! Fight to the Death on the Bridge of Hesitation!
309,Feelings Put Into Fists! Luffy's Full-Power Gatling
310,A Friend Approaches from the Sea! The Straw Hat Crew's Strongest Bonds
311,Everyone Escapes! The Path to Victory is for the Pirates
312,Thank You Merry! The Sea of Separation in the Snow
313,The Disturbance of Peace! The Vice-Admiral with the Fist of Love
314,The Strongest Family Lineage? Luffy's Father Revealed!
315,Its Name is The New World! The Whereabouts of the Great Grand Line!
316,Shanks Moves! Ceremony to the Rampaging Age
317,The Girl Searching for the Yagara! Great Investigation in the Water Metropolis!
318,The Mother is Strong! Zoro's Slapstick Housework Help
319,Sanji Crashes! The Mysterious Old Man and Intense Cooking
320,Everyone's Finally Wanted! The Crew of Over Six Hundred Million!
321,The King of Beasts that will Cross the Ocean! The Dream Ship's Magnificent Completion!
322,Goodbye my Lovable Followers! Franky Departs
323,"Departure from the Water City! The Distinction of a Man, Usopp's Duel"
324,Circling Bounties! The Hometowns Dance as the Ship Advances!
325,The Most Evil Ability! Blackbeard's Darkness Attacks Ace
326,Mysterious Party of Pirates! The Sunny and a Dangerous Trap
327,"Sunny in a Pinch! Roar, Secret Superspeed Mecha"
328,"The Dream Sinking in the New World! The Pirate of Despair, Puzzle"
329,The Assassins Attack! The Great Battle Above the Ice Begins
330,The Hard Fights of the Straw Hat Crew! The Pirate Soul Banking it All on the Flag!
331,Hot Full Throttle! The Twins' Magnetic Power Draws Near
332,The Great Chaos Mansion! The Angry Don and the Imprisoned Crew
333,The Phoenix Returns! The Dream of the Pirate Flag Sworn to a Friend
334,The Super Final Atsu Atsu Battle! Luffy vs. the Scortching Don
335,Waiting in the New World! Farewell to the Courageous Pirates
336,Chopper Man Departs! Protect the TV Station by the Shore
337,Venture Into the Devil's Sea! The Mysterious Skeleton Floating Through the Fog
338,The Delight of Having Met People! The Gentleman Skeleton's True Colors
339,One Phenomenon After Another! Disembarking at Thriller Bark
340,The Man Called a Genius! Hogback Appears!
341,Nami in Big Trouble! The Zombie Mansion and the Invisible Man
342,Mystery of the Zombies! Hogback's Nightmarish Research Laboratory
343,His Name is Moriah! Trap of the Great Shadow-Stealing Pirate
344,Feast of the Zombie Song! The Bell of the Night Raid is a Sound of Darkness
345,Filled with Animals!? Perona's Wonder Garden
346,Disappearing Straw Hat Crew! The Mysterious Swordsman Appears!
347,Leftover Chivalry! The Traitorous Zombie who Protects Nami
348,"Coming from the Sky! That Man is the ""Humming"" Swordsman!"
349,Luffy in an Emergency! The Living Place of the Strongest Shadow!
350,The Warrior Called a Demon!! The Time of Oars' Resurrection
351,Awakening After 500 Years!! Oars Revives!!
352,Conviction Strong Enough to Beg for One's Life!! Brook Protects his Afro
353,A Man's Oath Never Dies!! To the Friend who Waits Under a Far-Away Sky
354,We will Definitely Meet Again!! Brook and the Cape of the Promise
355,"Food, Nami and Shadows!! Luffy's Angry Counterattack"
356,Usopp the Strongest? Leave the Negatives to Me
357,Sudden Death of the General Zombies!! Oars in an Adventurous Mood!!
358,"Sanji, the Knight of Flames!! Kick Down the False Ceremony"
359,Perverted Connection? Sanji's Stolen Dream
360,Saving Hero! The Enemy is the Invincible Princess
361,Perona's Terror!! The U in Uso is the U in Usopp
362,Slashes Dancing on the Roof! Finale - Zoro vs. Ryuma
363,Chopper's Rage!! Hogback's Demonic Medical Practice
364,Oars Roars!! Come Out Straw Hat Crew
365,The Enemy is Luffy!! The Strongest Zombie vs. the Straw Hat Crew
366,Defeat Absalom!! Nami's Lightning Attack of Friendship!!
367,One Down!! Sure Kill Straw Hat Docking?
368,Soundless Invasion!! The Mysterious Visitor: Kuma the Tyrant
369,Oars Plus Moriah - The Greatest Combination of Brains and Brawn
370,A Secret Strategy to Turn the Tables - Nightmare Luffy Appears
371,The Straw Hat Crew Annihilated - Full-Throttle Kage Kage Abilities
372,The Battle for Superiority Starts! - Luffy vs. Luffy
373,The Conclusion Arrives! - Deliver the Finishing Blow
374,The Bodies Vanish! - The Morning Sun Pierces Through the Nightmare Island!
375,The Endless Crisis! Orders to Obliterate the Straw Hat Crew
376,Kuma's Nikyu Nikyu Power That Deflect Everything
377,"My Crewmate's Pain is My Pain, Zoro Fights Prepared to Die"
378,Promise on a Day Long Ago - The Pirate's Song and a Tiny Whale
379,Brook's Past - Sad Farewell to the Cheerful Friend
380,Bink's Sake - The Song that Connects the Past and Present
381,"A New Crewmate! - The Musician ""Humming Brook"""
382,Noro Noro Menace - Return of Foxy the Silver Fox
383,The Great Treasure Contest! Collapse! Spa Island
384,Brook's Hard Struggle - The Difficult Path to Becoming a True Crewmate?
385,Arriving at Halfway Through the Grand Line! The Red Line
386,Hatred of the Straw Hat Crew - Enter Iron Mask Duval
387,The Fated Reunion! Save the Imprisoned Fishman
388,Tragedy! The Truth of the Unmasked Duval
389,Explosion! The Sunny's Super Secret Weapon: Gaon Cannon
390,Landing to Get to Fishman Island - The Sabaody Archipelago
391,"Tyranny! The Rulers of Sabaody, the Celestial Dragons"
392,New Rivals Gather! The 11 Supernovas
393,The Target is Keimi!! The Kidnappers' Evil Draws Near
394,Rescue Keimi - The Dark History of the Archipelago
395,Time Limit - The Human Auction Begins
396,The Exploding Fist! Destroy the Auction
397,Huge Panic! Struggle in the Auction Hall
398,Admiral Kizaru Moves! The Sabaody Archipelago in Chaos
399,Break Through the Encirclement! Marines vs. Three Captains
400,Roger and Rayleigh - The Pirate King and His Right Hand
401,Impossible to Avoid!? Admiral Kizaru's Speed of Light Kick!!
402,Overwhelming! The Marine Combat Weapon Pacifista
403,Another Strong Enemy Appears! Broadaxe-Wielding Sentomaru
404,Admiral Kizaru's Fierce Attack - The Straw Hat Crew's Desperate Situation!
405,Disappearing Crew - The Final Day of the Straw Hat Crew
406,Special Historical Arc - Boss Luffy Appears Again
407,Special Historical Arc - Destroy! Thriller Company's Trap
408,Landing! No-Boys-Allowed Island Amazon Lily
409,Hurry! Back to the Crew - Adventure on the Isle of Women
410,Everyone's Drunk on Love! Pirate Empress Hancock
411,The Secret Hidden on Their Backs - Luffy Encounters the Snake Princess
412,The Heartless Judgment! Marguerite Turned to Stone!!
413,Luffy's Hard Trial! The Power of the Snake Sisters' Haki!!
414,Battle with Full-Powered Abilities!! Gomu Gomu vs. Hebi Hebi
415,Hancock's Confession - The Sisters' Disgusting Past
416,Rescue Ace! The New Destination is the Great Prison
417,Love is a Hurricane! Hancock in Love
418,The Crewmates' Whereabouts - Weather Science and Karakuri Island
419,The Crewmates' Whereabouts - The Island of Giant Birds and the Pink Paradise!
420,The Crewmates' Whereabouts - The Bridge that Connects Islands and Man-Eating Plants
421,The Crewmates' Whereabouts - The Negative Princess and the Devil King!
422,A Life-threatening Break-in! The Underwater Prison Impel Down!
423,Reunion in Hell!? The User of the Bara Bara No Mi!
424,Break through Crimson Hell! Buggys great Uproar Plan
425,The Prison's strongest Man! Introduction of the Poison-Man Magellan
426,Movie-connected Special: The 'Gold Lion's' Ambition Moves Forward
427,Movie-connected Special: 'Little East Blue' is Targeted
428,Movie-connected Special: The Amigo Pirate Crew's Vicious Assault
429,Movie-connected Special: The Decisive Battle! Luffy vs. Largo
430,"The Imprisoned Royal Shichibukai! Jinbe, Knight of the Sea"
431,The Trap of Chief Guard Saldeath - Level 3 Starvation Hell
432,The Liberated Swan! Reunion! Bon Kurei
433,Chief Warden Magellan Moves - The Net to Trap Straw Hat Is Complete!
434,Preparations for War! A Decisive Battle in Level 4 - Blazing Hell
435,Magellan's Strength! Bon Kurei Flees Before His Enemy
436,The Fight Finished! Luffy's Final Life Risking Attack
437,Because He's My Friend - Bon Kurei's Do-or-Die Rescue
438,Paradise in Hell - Impel Down Level 5.5
439,Luffy's Treatment Begins - Iva's Miraculous Power!!
440,Believe in Miracles! Bon Kurei Cheers From His Heart
441,Luffy Revives! Iva-san's Jailbreak Plan Begins!!
442,"Ace's Convoy Starts - The Offense and Defense of the Lowest Level, Level 6!"
443,The Strongest Team is Formed - Shake Impel Down to it's Core!
444,Even More Chaos! Blackbeard Teach Invades
445,A Dangerous Meeting! Blackbeard and Shiliew of the Rain
446,His Spirit Won't Break! Hannyabal Goes All Out
447,The Jet Pistol of Rage - Luffy vs. Blackbeard
448,Stop Magellan! Iva-san Unleashes His Secret Attack
449,Magellan's Clever Scheme! The Jailbreak Plan is Obstructed
450,The Jailbreak Team Driven Into a Corner - Forbidden Move 'Venom Demon'
451,Cause the Last Miracle - Breaking Through the Gate of Justice
452,The Destination is Marine Headquarters - The Ship Sets Out to Rescue Ace!
453,The Crewmates' Whereabouts - Weatheria Report and Cyborg Animals
454,The Crewmates' Whereabouts - Giant Bird Chicks and a Pink Showdown
455,The Crewmates' Whereabouts - The Revolutionary Army and the Forest of Gluttony's Trap!
456,The Crewmates' Whereabouts - The Giant Gravestone and Panties of Gratitude
457,Special Retrospective Before Marineford - The Siblings' Vow!
458,Special Retrospective Before Marineford - Assemble! The Three Admirals
459,The Time of the Decisive Battle Draws Near! The Marine's Strongest Battle Formation is Ready!
460,An Enormous Fleet Appears - Invasion! The Whitebeard Pirates
461,The Beginning of the Battle! Ace and Whitebeard's Past
462,The Power to Destroy the World! The Gura Gura no Mi's Ability
463,Burn Everything to Ash! Admiral Akainu's Power
464,The Devil's Descendant! Little Oars Jr. Dashes Off!
465,Only the Winner is Justice - Put Into Motion! Sengoku's Plan!
466,The Straw Hat Team Arrives ? The Battlefield Grows More Intense
467,"I'll Save You Even If I Die - Luffy vs. The Marines, The Battle Starts"
468,Consecutive Battles! Devil Fruit User Army vs. Devil Fruit User Army
469,Kuma Causes Disaster ? Iva-san?s Angry Attack
470,Master Swordsman Mihawk - The Black Sword's Slash Draws Near Luffy
471,The Extermination Operation Begins - The Might of the Pacifista Army
472,Akainu's Plot! Whitebeard Entrapped
473,The Encirclement Walls Activated! The Whitebeard Pirates Driven Into a Corner!!
474,The Order to Perform the Execution is Given - Break Through the Encircling Wall!
475,Rush Into the Final Phase! Whitebeard's Maneuver to Turn the Tides
476,Luffy's Strength is Exhausted! All-Out War in the Oris Plaza!!
477,Power that Reduces One's Life - Tension Hormones Return
478,For a Promise!!Luffy and Koby Clash!
479,In Front of the Execution Platform! The Path to Ace is Opened!!
480,The Path they Each Chose - Luffy vs. Garp!
481,Ace Freed! Whitebeard's Final Captain's Order!
482,The Power that Burns Even Fire - Akainu's Ruthless Pursuit
483,Searching for an Answer - Fire Fist Ace Dies on the Battlefield
484,Marine Headquarters Collapses! Whitebeard's Silent Rage!
485,Settling the Score - Whitebeard vs. The Blackbeard Pirates
486,The Start of the Show - Blackbeard's Plot Revealed
487,Akainu's Tenacity! The Fist of Magma Attacks Luffy
488,A Desperate Cry - Seconds of Valor that Change Destiny
489,Enter Shanks! The Ultimate War Ends at Last
490,"Powerful Independent Rivals! The Beginning of the ""New Era""!"
491,Arrival at the Island of Women - Cruel Reality Tortures Luffy
492,The Strongest Tag-Team! Luffy and Toriko's Hard Struggle!
493,Luffy and Ace - The Story of the Brothers' Meeting!
494,Enter Sabo! The Boy From Grey Terminal
495,I Won't Run - Ace's Desperate Rescue Operation
496,Someday to the Sea! The Three Brat's Sake Cups of Oath!
497,Leaving the Dadan Family!? The Secret Base is Complete!
498,Apprentice Luffy!? The Man who Fought the Pirate King!
499,The Battle Against the Big Tiger! Who Will Be the Captain?!
500,Stolen Freedom! The Nobles' Trap Draws Near the Three Brothers
501,The Flames Are Lit - The Gray Terminal's Crisis
502,Where Is Freedom? The Boy's Sad Departure
503,I'm Counting On You! A Letter From a Brother!
504,To Fulfill the Promise - Separate Departures!
505,I Want to See Them! Luffy's Tearful Scream
506,The Straw Hat Crew Shocked! The Bad News is Received
507,Reunion with Dark King Rayleigh - It's Time For Luffy's Decision
508,Back to the Captain - Jailbreak from Sky Island and the Incident on the Winter Island
509,Contact! The Great Swordsman Mihawk - Zoro's Struggle of Willpower
510,Sanji's Suffering - The Queen Returns to His Kingdom!
511,"An Unexpected Return! Luffy, to Marineford!"
512,Delivered to the Crew - The Big News Comes Through!
513,The Pirates Move Out! The Earth Shattering New World
514,Live Through Hell - Sanji's Fight with Men at Stake
515,I'll Get Stronger and Stronger! Zoro's Vow to his Captain
516,"Luffy?s Training Begins. See You 2 Years later, At The Promised Place"
517,"The New Chapter Begins. Regroup, Straw Hat Pirates!"
518,A Hair-Trigger! Luffy vs. Fake Luffy
519,"The Marines Move Out, Target the Straw Hat Crew!"
520,"Massive Gathering, Threat of the Fake Straw Hats!"
521,The Battle Begins! The Results of Training!
522,Everyone's Reunited! Luffy Sets Sail for the New World!
523,A Shocking Revelation - The Man Who Protected the Sunny!
524,"Undersea Struggle, The Demon of the Deep Appears!"
525,"Disaster in the Deep Sea, The Straw Hat Crew Gets Lost!"
526,Undersea Volcanic Eruption! Sailing To Fishman Island
527,"Landing at Fishman Island, The Lovely Mermaids!"
528,Eruption of Excitement! Sanji's Crisis of Life!
529,Fishman Island Collapses?! Shirley's Prediction!
530,"The King of Fishman Island, Sea God Neptune!"
531,Ryugu Palace! Led By The Shark That Was Saved!
532,The Coward Crybaby! Hard-Shell Tower?s Mermaid Princess
533,Emergency Situation! Ryuugu Palace Held Captive
534,Ryuugu Palace Shaking! Shirahoshi and the Kidnapping
535,Hody's Attack! The Beginning of his Vengeful Plan!
536,Decisive Battle at Ryugu Palace! Zoro vs. Hody
537,Protect Shirahoshi! Decken's Pursuit
538,The Crew is Defeated!? Hody Controls Ryuugu Palace
539,Revived Fate! Nami and the Fishman Pirates
540,Hero of the Slave Liberation - Adventurer Tiger
541,Kizaru Appears! A Trap Aimed at Tiger
542,Team Formation! Save Chopper
543,The Hero's Last Moments! The Impact of Tiger's Truth
544,The Pirates Split - Jinbe vs. Arlong
545,Fishman Island is Shaking! The Landing of a Celestial Dragon
546,Unexpected Disaster! An Assassin's Bullet Shuts the Future
547,Back to the Present! Hody Begins to Move
548,The Kingdom is Shaking! Instruction for Neptune's Execution
549,A Crack Arises! Luffy vs. Jinbe
550,Hody's Accident - The Evil Drug's True Power!
551,The Decisive Battle Begins at Gyoncorde Plaza!
552,Shocking Confession - The Truth about Otohime's Assassination
553,"Shirahoshi's Tears! Finally, Luffy's Appearance!"
554,"Big Clash! Straw Hat Pirates vs. 100,000 Opponents"
555,Explosive Move! Zoro and Sanji Sally Forth!
556,First Showing! Sunny's Secret Weapons!
557,Iron Pirate! Entry of Franky Shogun
558,Noah Approaching! The Crisis of Fishman Island's Destruction!
559,"Hurry Up, Luffy! Shirahoshi's Desperate Situation"
560,Beginning of the Battle! Luffy vs. Hody!
561,Battle Royal! The Group vs. the New Fishman Pirates!
562,Luffy is Defeated!? The Hour of Hody's Revenge
563,Shocking Truth! Hody's True Identity!
564,To Zero! Passionate Desire to Luffy!
565,Luffy's Whole Body Blow! Red Hawk Explosion
566,Final Conclusion! Hody's Final Battle
567,Stop Noah! Elephant Gatling of Desperation!
568,To the Future! The Path Towards the Sun!
569,Revealed Secret - The Truth of Ancient Weapons
570,The Crew Is Surprised! The New Marine Fleet Admiral!
571,I Love Sweets! The Yonko Big Mom
572,Grim Prospects! A Trap that Waits in the New World
573,Finally Setting Sail! Goodbye Fishman Island
574,To the New World! Aim for the Strongest Sea
575,Z's Ambition Arc - The Little Giant Lily!
576,Z's Ambition Arc - Introduction of the Mystery of the Strongest Army Corps!
577,Z's Ambition Arc - A Desperate Big Escape Strategy!
578,Z's Ambition Arc - Luffy vs. Shuzo!
579,"Landing! The Burning Island, Punk Hazard"
580,A Scorching Battle! Luffy vs. the Giant Dragon!
581,The Crew is Confused! The Shocking Beheaded Samurai Appears!
582,Surprise! The Secret of the Island is Finally Revealed .
583,Save the Children! Start of a Gang Fight!
584,A Duel of Swordplay! Brook and the Mysterious Samurai Torso
585,Shichibukai! Trafalgar Law
586,A Big Pinch! Luffy Sinks Into The Cold Lake
587,Clash! Law vs. Vice Admiral Smoker
588,Reunion after Two Years! Luffy and Law
589,Worst of the World - The Scary Scientist Caesar
590,History's Strongest Collaboration vs. Glutton of the Sea
591,Chopper Enraged - Master's Tyrannical Experiments
592,Gang Obliteration! Legendary Hitman Attack!
593,Save Nami! Luffy's Snow Mountain Battle
594,Formation! The Pirate Alliance Luffy-Law!
595,Capture Master - The Pirate Alliance's Operation Begins!
596,On the Verge of Annihilation - The Monster of Death Flies in
597,Big Battle - Caesar Activates his True Ability!
598,The Samurai Who Cuts Fire! Foxfire Kin'emon!
599,Shock! The Identity of the Mysterious Man Vergo!
600,Protect the Children! Master's Evil Hands Close in
601,New World's Severe Earthquake - Caesar's Nightmare Experiment
602,History's Worst Slaughter Weapon! Shinokuni
603,The Counterattack Begins! Luffy and Law's Great Escape
604,The Aim is Building R! The Pirate Alliance's Great Assault!
605,Tashigi's Tears - G-5's Suicidal Breakthrough Strategy
606,Vice Admiral's Betrayal! 'Demon Bamboo' Vergo
607,Incandescent Fierce Battle - Luffy vs. Caesar
608,The Mastermind in the Shadows! Doflamingo Moves!
609,"Luffy's Freezing to Death!? The Terrifying Snow Woman, Monet!"
610,Fist Fight! Two Vice Admirals Fight
611,The Small Dragon! Momonosuke Revealed
612,Deadly Combat in Snowstorm - The Straw Hats vs. the Snow Woman
613,Secret Technique Blasts! Zoro's Strongest One-Sword Style!
614,I'll Protect My Friends! Mocha's Desperate Escape
615,Brownbeard's Bitterness! Luffy's Angry Attack
616,Shocking Conclusion! Smoker vs. Vergo!
617,Caesar Defeated! The Strongest Grizzly Magnum
618,Invasion! The Assassin From Dressrosa
619,Rampage! The Invincible Franky Shogun
620,Desperate Situation! Punk Hazard's Big Explosion
621,Capture Caesar - General Cannon Blasts
622,Emotional Meeting! Momonosuke and Kin'emon
623,Regretful Departure - Leaving Punk Hazard!
624,G-5's Annihilation! Doflamingo Assaults!
625,Tension! Aokiji vs. Doflamingo
626,Caesar has Disappeared! The Pirate Alliance Sallies
627,Luffy Dies in the Sea!? The Collapse of the Pirate Alliance
628,Big Reversal! Luffy's Explosive Fist of Fury
629,Violent Shock! Earth-shaking Big News
630,"Adventure! The Country of Love and Passion, Dressrosa"
631,Swirling Madness - Corrida Colosseum
632,Dangerous Love - Dancing Girl Violet
633,The Most Powerful Unknown Warrior! Lucy Appears
634,The Pirate Prince Cavendish
635,The Fated Reunion - Bellamy the Hyena
636,Supernova! Bartolomeo the Cannibal
637,Rivalry of Warriors! B Block on Fire!
638,One-hit Knockout! The Astounding King Punch
639,Fighting Fish Attack! Break through the Iron Bridge of Death
640,"Adventure! The Island of Fairies, Green Bit"
641,The Unknown World - Tontatta Kingdom
642,Scheme of the Century - Doflamingo Gets Moving
643,Heaven and Earth Shakes! The True Power of Admiral Fujitora
644,An Angry Blow! The Giant vs. Lucy
645,The Destructive Cannon Explodes! A Close Call for Lucy
646,The Legendary Pirate - Don Chinjao!
647,Light and Shadow - The Darkness Lurking in Dressrosa!
648,"Sortie - The Legendary Hero, Usoland"
649,The Fierce Battle's Conclusion! Lucy VS Chinjao!
650,Luffy and the Fated Gladiator Rebecca
651,Protect her 'til the End! Rebecca and the Toy Soldier
652,Final Battleground - D Block Battle Begins
653,Decisive Battle! Jora vs. Straw Hat Crew
654,Blade of Beauty! Cavendish of the White Horse
655,The Great Clash! Sanji VS. Doflamingo
656,Rebecca?s Sword of Death! Backwater Sword Dance
657,The Unluckiest Fighters! Logan vs. Rebecca
658,Shock! The Toy Soldier?s True Identity!
659,A Chilling Past! The Secret Behind Dressrosa
660,Nightmare! That One Tragic Evening in Dressrosa
661,Shichibukai Confrontation - Law vs. Doflamingo
662,Two Great Forces Face-off! Straw Hat and the Heavenly Demon
663,"Luffy, Startled ? The Man Who Will Inherit Ace?s Will"
664,Start Operation SOP ? Usoland Charges
665,Hot Emotions - Rebecca vs. Suleiman
666,Winner Decided!? The End to the D-Block Bash
667,The Admiral's Decision ? Fujitora vs. Doflamingo
668,The Final Round Begins ? Diamante the Hero Takes the Stage
669,The Castle Moves! Elite Officer Pica Emerges
670,Dragon Claw Explosion! Lucy's Threatening Blow!
671,Defeat Sugar - The Dwarf Soldiers Charge In!
672,The Last Light ? The Secret of Our Captain!
673,The Rupture Human ? Gladius? Big Explosion!
674,Liar Usoland on the Run!
675,A Fated Meeting ? Kyros and King Riku
676,Operation Failed! Hero Usoland Dies!?
677,The Legend is Back! Kyros' All-out Blow
678,Fire Fist Explosion! The Power of the Revived Mera Mera no Mi
679,Gallant Appearance ? Revolutionary Army Chief of Staff Sabo
680,The Devil's Trap ? Dressrosa Annihilation Plan
681,The 500 Million Man ? The Target is Usoland!
682,Breaking through Enemy Lines - Luffy and Zoro Launch the Counter-Attack
683,"With a Rumbling of the Ground - The God of Destruction, Giant Pica Descends"
684,Gathering into a Powerful Front! Luffy and a Group of Brutal Warriors!
685,Great Advance! Luffy Army vs. Pica!
686,A Shocking Confession! Law's Soul-burning Vow!
687,A Big Clash! Chief of Staff Sabo vs. Admiral Fujitora
688,A Desperate Situation - Luffy Gets Caught in a Trap!
689,Great Escape! Luffy's Miraculous Elephant Gun!
690,A United Front ? Luffy's Breakthrough to Victory
691,The Second Samurai ? Evening Shower Kanjuro Appears
692,The Struggle with Pica ? Zoro's One Finishing Move
693,Princess of Little People ? The Imprisoned Mansherry
694,Invulnerable! The Terrifying Headcracker Doll Army
695,Life-Risking! Luffy is the Trump Card to Victory
696,A Tearful Reunion ? Rebecca and Kyros!
697,One Shot One Kill - The Man Who Will Save Dressrosa
698,Anger Explosion - Luffy and Law's Ultimate Secret Plan
699,Noble Family - Doflamingo's True Identity!
700,Ultimate Power - The Secret of the Ope Ope no Mi!
701,Sad Memories - Law the Boy from the White City!
702,Celestial Dragon! Doffy's Sublime Past
703,A Difficult Path ? Law and Corazon's Life Journey
704,Time Draws Near! Seize the Ope Ope no Mi!
705,A Moment of Resolution - Corazon's Parting Smile!
706,"Go, Law - The Kind-hearted Man's Final Battle!"
707,To Freedom! Law Unleashes the Injection Shot
708,Heated Battle - Law vs. Doflamingo
709,A Decisive Battle Against the Executives - Proud Hajrudin
710,Battle of Love - Navy Leader Sai vs. Baby 5
711,A Man's Pride - Bellamy's Last Assault!
712,Storm and Stress - Hakuba vs. Dellinger
713,Bari-Bari - Homage God Fist Strikes!
714,The Healing Princess ? Save Mansherry!
715,Showdown Between Men ? Senor's Requiem of Love
716,Stardust of Death ? Diamante's Storm of Fierce Attacks
717,Trueno Bastardo! Kyros' Blow of Anger!
718,Moving Across the Ground! The Giant Statue Pica's Surprise Maneuver!
719,Aerial Battle - Zoro's Deadly Secret Technique Explodes!
720,See ya Later! Bellamy's Farewell Blow!
721,Law Dies - Luffy's Fierce Assault of Anger!
722,A Blade of Tenacity! The Gamma Knife Counterattack!
723,Haki Clash - Luffy vs. Doflamingo
724,Impossible to Attack - Trebol's Shocking Secret
725,Anger Erupts! I Will Take Everything upon Myself!
726,Gear Fourth! The Miraculous Boundman!
727,Great Counterattack! Doflamingo's Awakening!
728,Luffy! The All-Out Leo Bazooka!
729,Kaen Ryuo - Protect Luffy's Life
730,"Tears of Miracles! Mansherry's Fight!"""
731,As Long as We Breathe! Stop the Deadly Birdcage!
732,Dead or Alive! A Fateful Countdown!
733,Attack on a Celestial! Luffy's King Kong Gun of Anger!
734,To Be Free! Dressrosa's Delight!
735,The Unheard-of! Admiral Fujitora's Surprising Decision!
736,Sending a Shock Wave! The Worst Generation Goes Into Action!
737,The Birth of the Legend! The Adventures of the Revolutionary Warrior Sabo!
738,The Brothers' Bond! The Untold Story Behind Luffy and Sabo's Reunion!
739,"The Strongest Creature! One of the Four Emperors - Kaido, King of the Beasts!"
740,Fujitora Takes Action! The Complete Siege of the Straw Hats!
741,A State of Emergency! Rebecca Is Kidnapped!
742,The Bond Between Father and Daughter! Kyros and Rebecca!
743,Manly Spirit! Luffy vs. Fujitora in a Head-to-Head Clash
744,No Way Out! Admiral Fujitora's Ruthless Pursuit!
745,Exchanging the Sons' Cups! Straw Hat Grand Fleet!
746,Clash of the Mightiest ? Raging Monsters of the New World
747,The Silver Fortress ? The Great Adventures of Luffy and Bart
748,An Underground Labyrinth ? Luffy vs Mine Cart Man
749,The Sword Technique Heats Up! Law and Zoro Finally Appear!
750,A Desperate Situation - Luffy Fights a Battle in Extreme Heat
751,"The Start of a New Adventure - Arrival at the Mysterious Island, 'Zou'!"
752,The New Shichibukai - Son of the Legendary Whitebeard Arrives
753,A Deadly Elephant Climb - A Great Adventure on the Back of the Giant Elephant!
754,Battle Starts! Luffy vs. the Mink Tribe!
755,Garchu! The Straw Hat Crew Reunites
756,The Counterattack Begins! The Curly Hat Pirates moves out!
757,An Incoming Threat - Jack of the Beasts Pirates!
758,Ruler of Day - Enter Duke Inuarashi!
759,Ruler of Night - Nekomamushi Appears
760,Destruction of the Capital - Curly Hat Pirates Arrive on Land!
761,Race Against Time - The Bond of the Minks and the Crew!
762,The Rascal Returns Home - Yonko Big Mom's Assassin
763,The Truth Behind His Disappearance - Sanji's Shocking Invitation
764,To My Buds! Sanji's Farewell Note!
765,Let's Go See Master Nekomamushi
766,Luffy's Decision - Sanji on the Brink of Quitting!
767,A Volatile Situation - The Dog and the Cat and the Samurai!
768,"The Third One! Raizo of the Mist, the Ninja, Appears!"
769,A Red Stone! A Guide to the One Piece
770,The Secret of the Wano Kingdom ? The Kozuki Clan and the Poneglyph
771,A Man?s Vow ? Luffy and Kozuki Momonosuke
772,The Legendary Journey! The Dog and the Cat and the Pirate King!
773,Returning Nightmare - Assault of the Invulnerable Jack
774,Defensive Battle of Zou - Luffy and Zunisha!
775,Save the Giant Elephant - The Straw Hats Rescue Operation!
776,Descending the Elephant ? Setting Sail for Sanji?s Retrieval!
777,To the Reverie - Princess Vivi and Princess Shirahoshi
778,To the Reverie - Rebecca and the Sakura Kingdom
779,Kaido Returns - The Worst Generation Threatened!
780,A Hungry Front - Luffy and the Marine Rookies!
781,The Persistent Trio ? The Great Pursuit for the Straw Hats!
782,Fist of the Devil ? Showdown! Luffy vs. Grant
783,Sanji?s Homecoming! Into Big Mom?s Territory!
784,0 and 4 ? A Confrontation with Germa 66!
785,The Deadly Poison Crisis ? Luffy and Reiju!
786,"Totto Land! One of the Yonko ""Big Mom"" Appears"
787,"The Yonko?s Daughter ? Sanji?s Fianc‚e ""Pudding"""
788,A Massive Attack! Mom's Hunger Pangs
789,The Capital Crumbles!? Big Mom and Jinbe
790,The Yonko's Castle ? Arrival on Whole Cake Island
791,The Forest of Sweets! Luffy vs. Luffy
792,Mom's Assassin - Luffy and the Seducing Woods!
793,The Seafaring Nation ? Judge the King of Germa
794,A Showdown Between Father and Son ? Judge vs. Sanji
795,Great Ambition ? Big Mom and Caesar
796,Kingdom of Souls ? Mom?s Fearsome Power!
797,"A Top Executive! One of the Three Commanders ""Cracker"" Appears"
798,An Enemy With 800 Million Bounty ? Luffy vs. Thousand Arms Cracker
799,Full Force Showdown ? Gear Fourth vs. Bisu Bisu Ability
800,1 and 2 ? Assemble! The Vinsmoke Family
801,The Benefactor's Life! Sanji and Owner Zeff!
802,An Angry Sanji! The Secret of Germa 66!
803,The Past that He Let Go of! Vinsmoke Sanji!
804,To East Blue - Sanji's Decision to Set Sail
805,A Battle of Limits - Luffy and the Infinite Biscuits!
806,Power of Fullness - New Gear Fourth Tankman!
807,Saddest Duel - Luffy vs. Sanji Part 1
808,Saddest Duel - Luffy vs. Sanji Part 2
809,A Storm of Revenge! An Enraged Army Comes to Attack!
810,The End of the Adventure - Sanji's Resolute Proposal
811,I'll Wait Here - Luffy vs. the Enraged Army
812,Infiltration Inside the Castle - Steal the Road Poneglyph
813,Face-to-face - Luffy and Big Mom
814,Shout of the Soul - Brook and Pedro's Lightning Operation
815,Farewell ? Pudding?s Tears of Resolve
816,Fate of the Left Eye ? Pedro vs Baron Tamago
817,Moist Cigarette! The Night Before Sanji's Wedding!
818,The Undaunted Soul - Brook vs. Big Mom
819,Sora's Wish! Germa's Failure - Sanji!
820,Sanji is Back - Luffy?s Great Flat-out Run Counterattack
821,"The Chateau in Turmoil! Luffy, to the Rendezvous!"
822,The Decision to Part! Sanji and the Straw Hat Bento
823,The Yonko Rolls Over - The Great Brook Rescue Mission!
824,"The Rendezvous! Luffy, a One-on-One at His Limit!"
825,Liar - Luffy and Sanji
826,Sanji Returns ? Crash It! The Tea Party from Hell
827,A Secret Meeting! Luffy vs. The Fire Tank Pirates
828,The Deadly Pact! Luffy & Bege's Allied Forces
829,Luffy?s Secret Plan ? Just Before the Curtain Rises! The Conspired Wedding Ceremony
830,Family Gathering ? The Curtain Rises! The Tea Party from Hell
831,The Pretend Couple! Enter Sanji ? Pudding
832,The Kiss of Death! The Yonko Assassination Plan Begins!
833,Offering up a Sake Cup! Chivalrous Jinbe repays his debt!
834,The plan failed!? Big Mom Pirates Counterattack!
835,Run Sanji! SOS Germa 66!
836,The Mystery of Mama - The Island of Giants and the Little Beast
837,Mama's Birthday - The Day that Carmel has disappeared
838,Launchers Explosion! Big Mom Assassination Moment
839,Evil Army - Transformation! Germa 66
840,Cutting the Father-Son Relationship! Sanji and Judge!
841,Tea Party Escape - Luffy VS Big Mom
842,Execution Starts - Luffy Allied Army Annihilation !?
843,The Castle Collapsed - Straw Hat Pirates Begins Great Escape
844,The Spear of Elbaf - Onslaught! The Flying Big Mom
845,Pudding?s Resolve Blazes - The Seducing Woods
846,The Thunder?s Counterattack - Nami and the Stormy Zeus
847,A Coincidental Reunion - Sanji and the Evil Pudding in Love
848,Protecting the Sunny - Fierce Battle! Chopper and Brook
849,Before the Dawn - Guardians Leader Pedro
850,I Will Definitely Return! Luffy?s Life-Risking Departure
851,"The Man with a Bounty of Billion - The Strongest Sweet Commander, Katakuri"
852,A Hard Battle Starts - Luffy vs. Katakuri
853,"The Green Room - An Invincible Helmsman, Jinbe"
854,The Menacing Mogura ? Luffy?s Silent Battle
855,End of Death Battle!? Katakuri's Rage Awakens
856,The Forbidden Secret! Katakuri's Merienda!
857,Luffy's Counterattack - Invincible Katakuri's Weakness
858,Crisis Again! Gear 4 vs Muso Donuts
859,"The Rebellious Daughter, Chiffon - Sanji's Big Plan for Transporting the Cake"
860,A Man's Way of Life - Bege and Luffy's Determination as Captains
861,The Cake Sank?! Sanji and Bege's Getaway Battle!
862,Sulong - Carrot's Mysterious Great Transformation
863,Break Through - Straw Hat Crew's Great Naval Battle!
864,Finally Clash - Yonko VS Straw Hat Crew
865,Dark King's Direct Precepts! The Battle Against Katakuri Turns Around!
866,"Finally He Returns - Sanji, the Man Who'll Stop the Yonko"
867,Lurking in the Darkness - Assassin Attacks Luffy!
868,A Man's Resolution - Katakuri's Life Risking Great Match
869,Wake Up - To Cross Over the Strongest Kenbunshoku
870,A God Speed Fist - New Gear 4 Activation!
871,Finally Concluded - An Outcome of the Fierce Battle with Katakuri
872,A Desperate Situation - The Iron-Tight Entrapment of Luffy!
873,Pulling Back from the Brink - The Formidable Reinforcements Germa!
874,The Last Hope - The Sun Pirates Emerge
875,A Fascinating Taste - Sanji's Cake of Happiness
876,"The Man of Humanity and Justice! Jimbei, a Desperate Massive Ocean Current"
877,Time for Farewell! Pudding?s One Last Request!
878,The World in Shock! The Fifth Emperor of the Sea Arrives!
879,To the Levely! Gathering of the Straw Hat Allies!
880,Sabo Goes into Action - All the Captains of the Revolutionary Army Appear!
881,The Next Move - New Obsessive Fleet Admiral Sakazuki
882,The Summit War - Pirate King's Inherited Will
883,One Step Ahead of the Dream - Shirahoshi's Path to the Sun!
884,I Want to See Them - Vivi and Rebecca's Feelings
885,Darkness of the Holy Land - The Mysterious Giant Straw Hat
886,The Uproarious Holy Land - Princess Shirahoshi is being targeted!
887,On the Verge - The Two Yonko Targeting Luffy
888,Sabo Gets Angry - Tragedy of the Revolutionary Army Officer Kuma
889,"Finally, It Starts - The Conspiracy-filled Levely!"
890,Marco! The Keeper of Whitebeard's Last Memento
891,Climbing Up a Waterfall! A Great Journey Through the Land of Wano's Sea Zone!
892,Wano Country! To the Land of Samurai where Cherry Blossoms Flutter
893,Otama Appears! Luffy vs. Kaido's Army!
894,He?ll Come! The Legend of Ace in the Land of Wano
895,Special Edition! - The Strongest Bounty Hunter Cider
896,Special Editon! - Luffy Vs Carbonic Acid King
897,"Save O-Tama! Straw Hat, Bounding through the Wasteland!"
898,Headliner! The Magician Basil Hawkins Enters the Scene!
899,Confirmed Defeat! The Assault of the Strawman!
900,The Greatest Day! O-Tama?s First Oshiruko!
901,Entering Enemy Territory! The Protagonists Spread into the Town of Bakura!
902,The Yokozuna Appears - The Invincible Urashima Goes After O-Kiku!
903,Sumo Battle - Straw Hat VS The Strongest Yokozuna!
904,Luffy's Intense Anger! Save O-Tama from the Crisis!
905,Fighting for Otama! Fight against Holdem!
906,Strike - The Magician and the Surgeon of Death!
907,20th Anniversary! - Special Romance Dawn
908,Arrival of the Treasure Ship - Luffy-tarou Returns the Favor!
909,A Mysterious Gravestone - Reunion at the Oden Castle Ruins!
910,The Legendary Samurai - A Man that Roger Favoured!
911,Defeat the Emperor - The Secret Raid Plan Starts
912,"The Strongest Man - Pillar of the Bandits, Shutenmaru!"
913,Everyone's Annihilated - Kaido's Bolo Breath of Rage!
914,Finally Clashing - The Ferocious Luffy vs. Kaido
915,"Destructive! One Shot, One Kill - Thunder Bagua!"
916,Life in Hell! Luffy's Place of Humiliation
917,The Holy Land in Tumult - The Yonko Blackbeard Laughts Boldly
918,Start of the Action - The Great Plan to Overthrow Kaido
919,Great Riot! Prisoner Luffy and Kid!
920,Great Reputation! Sanji's Specialty Soba!
921,"Magnificent - The Most Beautiful Woman of Wano, Komurasaki"
922,A Tale of Chivalry! Zoro and Tonoyasu's Little Trip!
923,A State of Emergency - Big Mom Closes in!
924,The Capital in an Uproar! Another Assassin Targets Sanji!
925,Great Success - Justice of O-Soba Mask!
926,Desperate Situation - The Threatful Orochi Oniwabanshu
927,A State of Chaos - Fearsome Snake Shogun Orochi
928,The Flower Falls! The Final Moment of the Most Beautiful Woman in Wano Country
929,Conciliation of Prisoners - Luffy and Grandpa Hyo!
930,All-Star! Queen the Plague Appears!
931,Climb - Luffy's Fleeing Play!
932,Dead or Alive - Queen's Sumo Inferno
933,Gyukimaru! Zoro Fights a Duel on Oihagi Bridge
934,Great Reversal - Santoryu Beyond the Deadline !
935,Amazement of Zoro - True Identity of the Mysterious Beauty
936,"Approach - Ryuo, the Haki of Wano Country"
937,A Lame Yasu - The Star of Ebisu Town
938,Meet Easily - Identity of Ushimitsu Kozo
939,Malediction - Departure in Song of Tonoyasu
940,Cruelty - The Reality of SMILE Devil Fruit!
941,Toko's Tears - Orochi's Painful Bullets!
942,The Straw Hats Intrudes! Uproar! A Fierce Battle at the Execution Room
943,Luffy?s Determination - Breakthrough the Grand Sumo's Hell!
944,The Coming of the Storm! Big Mom's Great Rampage!
945,A Grudge Over Oshiruko - Luffy Gets into a Desperate Situation
946,Stop the Emperor of the Sea! Queen's Secret Plan!
947,Brutal Ammunition! The Plague Rounds Aim at Luffy!
948,Start Fighting Back! Luffy and the Red Scabbard Samurai!
949,We're Here to Win! Luffy's Desperate Scream!
950,The Warriors' Dreams - Takeover of Udon
951,Orochi's Pursuers! Ninja Army Corps vs. Zoro
952,Tensions on Onigashima! Encounter?! The Two Emperors
953,Hiyori's Confession! Reunion on Oihagi Bridge
954,Its Name is Enma! Oden's Meito!
955,A New Alliance?! Kaido's Army Great Assemble
956,Decisive Battle Draws Near! The Straw Hat Crew Ready for Battle
957,Big News! The Warlords Attack Incident
958,The Legendary Battle! Garp and Roger
959,The Promised Port! Wano Country Arc Act 3 Opening
960,The Best Samurai in Wano Country! Kozuki Oden Appears
961,Tearful Apprentice - Oden and Kin'emon
962,Moving Fate Drift Ashore! Whitebeard Pirates!
963,Oden's Determination! Whitebeard's Trials!
964,Whitebeard's Little Brother! Oden's Great Adventure!
965,Blades Crossed! Roger and Whitebeard!
966,Roger's Wish! A New Adventure Begins!
967,The Bet of a Lifetime! Roger's Adventure
968,The Pirate King is Born - Arriving at the Last Island!
969,To the Land of Wano! The Roger Pirates Disband!
970,Sad News - The Opening of the Great Pirate Era
971,Raid! Oden and the Nine Red Scabbards
972,The Moment of Conclusion! Oden vs. Kaido!
973,Sentenced to Boil - Oden's Deadly Hour
974,"I'm Oden, and I Was Born to Boil"
975,The Burning Castle! The Fate of the Kozuki Clan!
976,Back to the Present! Beyond 20 Years
977,Pirates at Sea! Raid! Onward to Onigashima
978,The Worst Generation Charges in! The Battle of the Stormy Sea
979,Strong Luck!? Leader Kin'emon's Plan
980,Promise of Tears! The Kidnapped Momonosuke
981,A New Companion! Knight of the Sea Jinbe!
982,Kaido's Trump Card - Introducing the Tobi Roppo
983,The Seriousness of the Samurai! The Crew Lands on Onigashima
984,Luffy Goes Out of Control?! Sneaking into Kaido's Banquet
985,Feelings Toward O-tama - Luffy's Furious Blow
986,Fighting Music! The Ability to Attack Luffy!
987,The Failing Dream? The Plot to Lure Sanji!
988,Arrival of Reinforcements! Captain of the Whitebeard Pirates!
989,Oath of Man! Fierce Battle of the Brachiotank
990,Thunder Bagua! The Appearance of Kaido's Son
991,Enemy or Ally? Luffy and Yamato!
992,I Want to Become Oden - Yamato's Desire
993,Explosive?! The Handcuffs that Shackle Yamato's Freedom!
994,The Scabbards Face-off - Kikunojo vs. Kanjuro
995,Raid! Inheriting the Will of Oden
996,Onigashima in Tumult- Luffy's All-Out War Begins
997,"Moonlight Battle - Berserker ""Sulong"""
998,The Rebellion of Zeus?! Nami's Desperate Situation!
999,I'll Protect You - Chance Encounter Yamato and Momonosuke
1000,Overwhelming Strength! The Straw Hat Pirates Gather
1001,A Dangerous Invitation! Plan to Eradicate Queen
1002,A New Connection! Nami and Ulti!
1003,"A Heroic Blade! The Red Scabbards vs. Kaido, Again Once More"
1004,An Inherited Technique - Unleashing Oden's Secret Swordplay
1005,The Power of Ice Oni! A New Version of the Excite Bullets
1006,I Won't Forgive You! Chopper's Determination!
1007,Zoro's Pursuit! Ice Oni Tag
1008,Nami's Surrender?! Ulti's Wild Headbutt
1009,Sasaki's Onslaught - Armored Division vs. Yamato
1010,Eliminate the Ice Oni - Chopper's Fire Trick!
1011,It's Not Okay!! The Spider That Lures Sanji
1012,A Comeback Move! Marco The Phoenix's Flame
1013,Yamato's Past ? The Man Aiming for an Emperor's Head
1014,Marco's Tears! The Bond of the Whitebeard Pirates
1015,Straw Hat Luffy - The Man Who Will Become the Pirate King
1016,The Battle of the Monsters! The Three Stubborn Captains
1017,A Barrage of Powerful Techniques! The Fierce Attacks of the Worst Generation!
1018,Kaido Laughs! Four Emperors vs. New Generation!
1019,Otama's Secret Plan! Great Operation Kibi Dango
1020,Sanji's Scream! An SOS Echoes Over the Island
1021,Spank Strikes! Sanji's Woman-trouble!
1022,No Regrets - The Student and Teacher Bond Between Luffy and the Boss
1023,Preparations OK! Chopperphage Nebulizer
1024,Oden Appears! The Confused Hearts of the Red Scabbards!
1025,Annihilation of the Worst Generation!? The Powerful Techniques of the Four Emperors!
1026,The Supernovas Counterattack! The Four Emperors's Disassembly Operation
1027,Protect Luffy! Zoro and Law's Sword Technique
1028,Beyond the Four Emperors - Luffy's Iron Fist Counterattack
1029,A Faint Memory - Luffy and Red-Haired's Daughter Uta
1030,The Oath of the New Era! Luffy and Uta
1031,Nami's Screams - The Desperate Death Race!
1032,The Dawn of the Land of Wano - The All-Out Battle Heats Up!
1033,Settled! Luffy's Accelerating Fist of the Supreme King
1034,Luffy Defeated! The Straw Hats in Jeopardy?!
1035,The Beasts Trample Down! The End of the Kozuki Family!
1036,Fight Against the Dark Night! The Commander-in-Chief of the Land of Wano Sounds Off!
1037,Believe in Luffy! The Alliance's Counterattack Begins!
1038,Nami's Lethal Attack! O-Tama's Desperate Challenge!
1039,A Dramatic Increase of Allies! Straw Hats Fight Back!
1040,The Pride of a Helmsman - The Enraged Jinbe!
1041,Great Battle of Monsters! Yamato and Franky
1042,The Predator's Trap - Black Maria's Seduction
1043,Slash the Nightmare - Brook's Sword of Ice!
1044,"Clutch! A Demon Incarnate, Robin!"
1045,A Spell! Kid and Zoro Facing Threats!
1046,Taking a Chance! Both Wings Go into Battle!
1047,Ascend to the Dawn! A Pink Dragon Gets Agitated
1048,For the Future! Yamato and the Great Swordsmen's Pledge
1049,Luffy Soars! Revenge Against the King of the Beasts
1050,Two Dragons Face Off! Momonosuke's Determination!
1051,A Legend All Over Again! Luffy's Fist Roars in the Sky
1052,The Situation Has Grown Tense! The End of Onigashima!
1053,Sanji's Mutation ? The Two Arms in Crisis!
1054,Death to Your Partner! Killer's Deadly Gamble!
1055,A Shadowy Figure Pulls the Strings! Onigashima in Flames
1056,A Countercharge! Law and Kid's Return-Attack Combination
1057,For Luffy - Sanji and Zoro's Oath
1058,The Onslaught of Kazenbo - Orochi's Evil Clutches Close in
1059,Zoro's Hardship - A Monster! King the Wildfire
1060,Secrets of Enma! The Cursed Sword Entrusted to Zoro
1061,Attack of the Devil! Sanji VS Queen
1062,King of Hell Three Sword Style - Zoro vs. King
1063,Luffy Accelerates! The Turning Point of a New Era!
1064,Shuron Hakke! A Lawless Dragon Approaches Luffy!
1065,"The Destruction of the Alliance?! Fire up, the Will of the New Generation!"
1066,Here Comes Main Act! Powerful Techniques of Shockwave and Magnetism
1067,Towards A New Era! Conclusion! The Brats' Resolution
1068,Moon Princess Echoes! The Final Phase of Wano Country!
1069,There is Only One Winner - Luffy vs. Kaidou
1070,Luffy Defeated?! The Determination of the Left Behind
1071,Luffy?s Peak - Attained! Gear 5
1072,The Ridiculous Power! Gear 5 in Full Play
1073,No Escape! Inferno on Onigashima!
1074,Believe in Momo - Luffy's Final Big Move
1075,Twenty Years of Prayer! Reclaim Wano Country
1076,The World That Luffy Wants!
1077,Closing the Curtain! Winner - Straw Hat Luffy!
1078,Return! Shogun of Wano Country - Kozuki Momonosuke
